device_id,timestamp,vibration_x,vibration_y,vibration_z,temperature,pressure,rpm,current,operational_state,failure_type,time_to_failure
1,2025-11-23T05:26:48.180122,-0.02083789237027353,-0.0028133413613164737,-0.10680980478342271,61.57248884022414,1.2729703830609957,1404.5756525806335,14.180910252055568,0,,
1,2025-11-23T05:26:49.180122,-0.06226440433037134,-0.05289761094312472,-0.045450380746347815,61.35522548745243,1.314454724236387,1413.4085201671796,13.370506820919788,0,,
1,2025-11-23T05:26:50.180122,0.026952916029019933,-0.0298079849903389,-0.0009565248260682574,61.4804349224432,1.2846793617556487,1413.083378746929,13.490415596856376,0,,
1,2025-11-23T05:26:51.180122,-0.007821708519241785,0.012828522600042953,-0.049438952438497115,61.1781702853373,1.2904167117502758,1406.6165761123525,13.335663400283904,0,,
1,2025-11-23T05:26:52.180122,-0.07106086136524536,-0.007674759783878554,-0.013452848010822043,61.69270803632047,1.2690439620193827,1414.120391285362,14.114691811808164,0,,
1,2025-11-23T05:26:53.180122,0.06798169313356237,0.025092860339061142,-0.04221068519152167,61.24693663083746,1.2994184345781843,1409.8580442672614,14.314975412511252,0,,
1,2025-11-23T05:26:54.180122,-0.09340453272820938,0.08655923329897974,0.07338390052863861,61.18029921083838,1.3006993922355283,1413.4728321558775,13.514901898969157,0,,
1,2025-11-23T05:26:55.180122,0.004385510920366943,0.05001829432744002,-0.019054625875803026,61.172800793927344,1.2944178241996553,1417.3280895379614,14.56865915861248,0,,
1,2025-11-23T05:26:56.180122,-0.03173396525904617,0.025419812134109397,0.010805800313141368,60.87671220131844,1.2915291108324347,1411.669837252828,13.909684423629743,0,,
1,2025-11-23T05:26:57.180122,0.016300171669242563,-0.1020161524364654,0.002312776157034903,61.113399563077536,1.2818686165953481,1418.236090537299,14.297109331509148,0,,
1,2025-11-23T05:26:58.180122,-0.03266251338973668,0.04212281407855796,-0.019075824088311464,61.26273248037238,1.2857952019659087,1428.8379968011525,12.599744815284803,0,,
1,2025-11-23T05:26:59.180122,-0.004572631144696223,0.03475598025222971,-0.10167332730618758,61.21204082560067,1.2965067921569018,1421.2401562915654,14.553576003775063,0,,
1,2025-11-23T05:27:00.180122,-0.020194613466939387,-0.06922593332688057,0.06836177119629212,61.4940118051544,1.2931301564906976,1416.502011178073,14.120402660539895,0,,
1,2025-11-23T05:27:01.180122,0.028313772072051976,0.01021039894563888,0.07033481208299722,60.90334277766623,1.308602664721066,1416.7978459393455,13.820901909104107,0,,
1,2025-11-23T05:27:02.180122,0.05867657492464842,-0.11718015955018758,0.058076074536967594,61.32865028806386,1.2872785386039325,1417.3240517837626,13.777426324075888,0,,
1,2025-11-23T05:27:03.180122,0.12926474340293254,0.09176663614309627,0.02203449362067722,61.10808391025781,1.2931607629109039,1409.7426299533777,13.649352290357648,0,,
1,2025-11-23T05:27:04.180122,-0.04511230340368119,-0.02954861377359666,-0.013808974612622359,61.14905789979663,1.2923621186686007,1403.7042069919573,15.204688661416377,0,,
1,2025-11-23T05:27:05.180122,-0.07365866239001156,-0.05107073652620712,0.021619785048887636,61.18821866452784,1.3039060527920419,1420.9849261875459,14.560776375138957,0,,
1,2025-11-23T05:27:06.180122,0.03759824246053109,-0.049688049155988845,0.05545716406798252,60.900451132887994,1.2988087964673034,1408.011384297978,13.39907002531133,0,,
1,2025-11-23T05:27:07.180122,0.029583326036309834,-0.009162828689161122,0.05099273646835477,60.95744158297861,1.3086656226902478,1417.9725277208638,13.9927216311298,0,,
1,2025-11-23T05:27:08.180122,-0.0709405275576965,-0.012588705918509305,-0.07733373056333512,60.83790429139415,1.33321275808701,1422.7017394375982,14.825765969675688,0,,
1,2025-11-23T05:27:09.180122,-0.02145066592562321,0.034809898980454564,0.0348708136137399,61.375237841276586,1.3006271654313755,1410.7106506552552,12.89466341214382,0,,
1,2025-11-23T05:27:10.180122,0.03050720432000624,0.021174845021903917,0.05589433667242831,61.20058626077044,1.3181457333049535,1408.5181174752693,13.301755934303618,0,,
1,2025-11-23T05:27:11.180122,0.046908183563519404,-0.023417312977987364,-0.06273601535576374,61.28089940782031,1.308390907356615,1415.4075225256124,14.178182367938915,0,,
1,2025-11-23T05:27:12.180122,0.20543463119017524,0.04105604386542095,0.07658801581571961,60.859265523784615,1.3045355413616357,1420.7339465712425,13.747229997670217,0,,
1,2025-11-23T05:27:13.180122,-0.04379897388355023,0.019826007934014154,-0.015730871782931963,61.13818356196663,1.3123997445901243,1426.3487879206027,14.080784211565597,0,,
1,2025-11-23T05:27:14.180122,-0.02271139273594718,0.025718535873138992,0.041472921530527077,61.38355907199857,1.2863513627006593,1409.6129484636333,14.109036209373448,0,,
1,2025-11-23T05:27:15.180122,0.03111102072305931,0.048039097241929105,0.03791851735818866,61.03107098193702,1.2937516770504514,1400.778834586238,14.83170786426641,0,,
1,2025-11-23T05:27:16.180122,0.009020490345378808,0.027658213707511658,0.05165145329623897,61.192634191603005,1.2892175819788199,1408.7279015286429,13.855395947887896,0,,
1,2025-11-23T05:27:17.180122,0.07507184576243471,0.04347990987705615,-0.05435452874228632,61.391778961222265,1.30793941720164,1402.3794687978873,13.875211131517053,0,,
1,2025-11-23T05:27:18.180122,-0.09252019869016367,0.016524403199656038,-0.015784660515295205,60.989434258010036,1.293433594100067,1415.3926382199245,13.652994823694936,0,,
1,2025-11-23T05:27:19.180122,0.014976340658891387,0.027633184780060042,-0.04202215062475351,61.197480544611416,1.3216492846629373,1414.204182052979,13.5060551675056,0,,
1,2025-11-23T05:27:20.180122,0.0030231224498334063,-0.06692944399367493,0.05663730379649649,61.33449564709259,1.3108110734778256,1422.0149201916015,14.124617768381928,0,,
1,2025-11-23T05:27:21.180122,0.04877547061088455,0.009578682330041267,-0.033110450589875655,61.05623168158354,1.2951860574799394,1387.9385449164517,14.842466772043881,0,,
1,2025-11-23T05:27:22.180122,-0.0857033705548362,-0.003831978200076024,-0.06587836348788723,60.85631596017623,1.2985255644176332,1409.946460388699,13.849607478415853,0,,
1,2025-11-23T05:27:23.180122,0.027447327990864887,-0.03091877425440368,0.018939723285171108,61.36458496740501,1.2956464676021167,1410.1579310735624,14.198681674871857,0,,
1,2025-11-23T05:27:24.180122,0.0028625473256296426,0.00795442433239238,-0.11872013420351246,61.27413866559928,1.3023753304510428,1411.6383285941638,14.097423741031227,0,,
1,2025-11-23T05:27:25.180122,0.09521879545835527,0.004268221670867267,0.033266713895919287,61.09293557800013,1.2896710072202744,1408.1932751218692,13.419644993738581,0,,
1,2025-11-23T05:27:26.180122,-0.00038005692081302054,-0.04669153307120878,-0.008749842186952185,60.97600599209699,1.2812282070598155,1406.2365083471873,13.395935981584884,0,,
1,2025-11-23T05:27:27.180122,-0.032646557257293686,-0.030604737508853487,-0.01756312305484511,61.473030276070844,1.310969139054441,1420.2466588307661,13.749732313904031,0,,
1,2025-11-23T05:27:28.180122,0.07484758947558473,-0.07655555537965822,-0.1011681969506213,61.318029193838875,1.2967605269817726,1411.6002074095093,13.945752278132792,0,,
1,2025-11-23T05:27:29.180122,-0.08202801124034419,-0.057834958526042146,0.06170173406800788,61.47057165837437,1.2890442096016352,1432.3246959006865,13.39407138065796,0,,
1,2025-11-23T05:27:30.180122,-0.02856908039442406,0.014621603366262845,-0.059749994746457334,61.16784856970477,1.293991564001707,1409.0396622255275,14.364889925780652,0,,
1,2025-11-23T05:27:31.180122,0.029640339838562804,-0.054964865456801786,-0.03407653222343658,61.301948015530186,1.29449322138863,1405.1156308340026,14.141846379614192,0,,
1,2025-11-23T05:27:32.180122,0.04099425582606591,-0.03155593412973425,0.03945298242888811,60.94209991794688,1.2784809918546816,1417.992523876896,13.512211939783807,0,,
1,2025-11-23T05:27:33.180122,-0.049847984353924686,-0.01316940385310272,-0.033868024587403414,61.332348086146894,1.2794413144069114,1409.2779349936375,15.509952528249489,0,,
1,2025-11-23T05:27:34.180122,0.0054975506406623005,-0.09567616091500582,0.02999102147266912,61.37731157163498,1.3072294481332871,1414.4766186712104,13.602698821459274,0,,
1,2025-11-23T05:27:35.180122,0.07044169919751661,0.03560306137104225,-0.0900358020395602,61.417454466898995,1.290449582048314,1424.099579040337,13.742800137008313,0,,
1,2025-11-23T05:27:36.180122,0.039307303490994754,0.009708434782562144,0.029310204885781902,61.26435722018873,1.2880139852732944,1413.6662603607158,14.24536900536873,0,,
1,2025-11-23T05:27:37.180122,0.020879636525983725,0.08075881342513376,0.021280310554417866,61.39600743009064,1.3125549367827631,1413.6543904055407,14.197248718768332,0,,
1,2025-11-23T05:27:38.180122,-0.030157039608460556,0.0020978814592071014,0.08209573187332653,61.331774219875584,1.3054164379107596,1402.3438474364084,13.229046816070767,0,,
1,2025-11-23T05:27:39.180122,0.015376276334142246,-0.06848193363148145,0.13351686223972162,61.51962473814714,1.2778195681871078,1411.3214384936919,13.641164078334029,0,,
1,2025-11-23T05:27:40.180122,0.020801087453104796,-0.002892363132361883,0.046594367894330364,61.564101105087076,1.2874381971499886,1401.2615700227677,14.210804082541225,0,,
1,2025-11-23T05:27:41.180122,-0.00822575286511594,0.0572427687996647,-0.007605884340318333,61.436892487720165,1.2923915852835857,1411.1026857225381,13.704805243118384,0,,
1,2025-11-23T05:27:42.180122,0.03567622238438134,0.12648674371020777,0.0418807896980014,61.24509819789277,1.2954937687017052,1414.1336650164692,13.28902195450521,0,,
1,2025-11-23T05:27:43.180122,0.015492313868403065,0.07741453469757044,-0.015791402158940242,61.04675392240367,1.292699535628579,1431.302592807042,14.39955753984541,0,,
1,2025-11-23T05:27:44.180122,0.050935852344258375,0.1151189144263596,0.08105464888337108,61.414971333239045,1.2851364570949726,1414.3693061502452,13.87779345932621,0,,
1,2025-11-23T05:27:45.180122,0.042417528345029994,-0.04415627805597847,0.07726934132328608,61.30210269317191,1.2826458854325222,1421.1451866515695,12.892008360895161,0,,
1,2025-11-23T05:27:46.180122,-0.041721869527994095,-0.03288592235575894,0.04102821661121283,61.17560327829102,1.3003368725124473,1408.5245472694883,14.190024258964828,0,,
1,2025-11-23T05:27:47.180122,-0.035409719009429255,0.05777652948096314,-0.012726522967516132,61.37771966337562,1.2806165218486092,1402.1276447083555,13.814010794835998,0,,
1,2025-11-23T05:27:48.180122,0.05490050193672841,-0.05089390251667773,-0.07646956777512394,61.212837131193496,1.2928344299502463,1402.4347298515374,13.657527852791631,0,,
1,2025-11-23T05:27:49.180122,0.009215086969247395,-0.016533792175057682,0.014360410107668864,61.512840305924016,1.2847425144940288,1412.3390294338049,14.312527495244094,0,,
1,2025-11-23T05:27:50.180122,-0.0030817542313355383,-0.047644857606632764,-0.050723153176365506,61.05238188593562,1.3031852746385653,1412.540494205875,14.217924402379637,0,,
1,2025-11-23T05:27:51.180122,0.03589028475524945,-0.046949949887342426,0.03143879035966278,61.16303599213083,1.262736978015843,1410.8426249204451,13.391955261509176,0,,
1,2025-11-23T05:27:52.180122,-0.01689860746884601,0.017160636609329864,0.11412698197704377,61.17727890890024,1.2815599781617906,1416.7093478497993,14.022730303469553,0,,
1,2025-11-23T05:27:53.180122,-0.007921461209608918,-0.05414647786045116,-0.04783127600361071,61.24025933153184,1.2712165000064288,1406.4154426127063,13.303745340319383,0,,
1,2025-11-23T05:27:54.180122,0.0562241430335363,-0.07489199027607621,0.09510086116470041,61.1613580709322,1.2719123029144253,1401.1655541940474,14.319209570663295,0,,
1,2025-11-23T05:27:55.180122,0.051329897527673994,-0.04243330005534942,0.01657698240499595,61.24801640801356,1.2797172661111889,1414.505097990365,14.312004283957782,0,,
1,2025-11-23T05:27:56.180122,-0.09583152595052517,-0.1113670646152883,0.010334494868704297,61.264259407351496,1.2887040680777733,1395.9177357316846,13.436184711012125,0,,
1,2025-11-23T05:27:57.180122,0.07717681695428057,-0.0655135264484782,0.018171698593586506,61.11996018963056,1.2775541113858695,1399.2155469222346,14.522493881319729,0,,
1,2025-11-23T05:27:58.180122,-0.09519105714767868,-0.05990701891589337,-0.04550328213148295,61.51472551707978,1.2843862804462196,1419.7857980174356,13.920639203481322,0,,
1,2025-11-23T05:27:59.180122,0.011802046144351503,0.024701793546624513,0.0773138822930048,61.32930618023651,1.2665311493087854,1424.464125661315,13.977248035732483,0,,
1,2025-11-23T05:28:00.180122,-0.05537193631463363,-0.008814307062892124,-0.04913778332704313,61.6977712240427,1.2776356296988387,1392.972333905728,14.081086759930912,0,,
1,2025-11-23T05:28:01.180122,-0.04149374223586288,0.0644384703426622,0.006746273108185052,60.92521455027817,1.275975677004645,1402.1115105491829,13.550541766866813,0,,
1,2025-11-23T05:28:02.180122,-0.03218724500915546,-0.10043922637290112,0.009813144703698892,61.10625540454015,1.2719883795378606,1420.512149788899,14.877935665252675,0,,
1,2025-11-23T05:28:03.180122,-0.03145395754073095,0.09060427635579726,-0.10281328703725819,61.39447565596622,1.2750840313384022,1412.2530964884547,13.436221361489226,0,,
1,2025-11-23T05:28:04.180122,-0.02973612494624993,-0.015740592136293897,-0.017347026590143283,61.36472338181081,1.3041883806398735,1406.652594960831,13.85226456229749,0,,
1,2025-11-23T05:28:05.180122,-0.08746444019173935,-0.12597896481927104,0.06955812137057829,61.01706539004224,1.2735276277572734,1413.20573473529,14.384928300908918,0,,
1,2025-11-23T05:28:06.180122,0.015763804091232497,0.09331041026222475,-0.009124881164196868,60.917781410640366,1.2824714235782633,1414.187627883846,13.520019943418262,0,,
1,2025-11-23T05:28:07.180122,-0.01663196324262277,-0.02931939777496829,0.08672581721981738,61.16138436700982,1.2672844871316475,1415.7874638026444,13.018353909256128,0,,
1,2025-11-23T05:28:08.180122,0.02135087287669462,0.02034938745553256,-0.04221541203123378,61.17247065595757,1.2753889696958998,1429.1418586078282,14.126946153666374,0,,
1,2025-11-23T05:28:09.180122,-0.06019067347294954,-0.06237362158073826,-0.003877312481847284,61.28226672827297,1.2739237415581286,1415.9054663372021,13.830804069414183,0,,
1,2025-11-23T05:28:10.180122,0.05384148247630513,0.0218705115927695,-0.004659893316746125,61.31256096175436,1.2730293801725425,1421.8405681792092,14.121071775206579,0,,
1,2025-11-23T05:28:11.180122,-0.020849707444799186,0.005889827487397592,-0.026834265442339494,61.78337159360947,1.2776280615689994,1418.1814875063103,14.11169354604971,0,,
1,2025-11-23T05:28:12.180122,-0.039917436453014085,0.0002828898561030874,-0.01604673539204571,61.33633738849,1.2850245435736964,1420.669377062247,14.320979587146665,0,,
1,2025-11-23T05:28:13.180122,-0.020353152342186646,-0.02624458335667218,-0.029490434171227313,61.114428461317814,1.26538583992677,1419.0298408432218,13.889662817465549,0,,
1,2025-11-23T05:28:14.180122,-0.010563634572437242,-0.08288673722242254,-0.07505200449084731,60.784346787314306,1.2821699961725754,1419.6854165295986,14.226624121997036,0,,
1,2025-11-23T05:28:15.180122,-0.0039053668697658856,-0.05393697442013953,-0.0004490814733366531,61.28840654540786,1.2906725780212354,1420.651800825583,13.796351174478456,0,,
1,2025-11-23T05:28:16.180122,-0.001734268301367279,0.034809687620891344,0.0228594260404549,61.254294368319705,1.262373082864625,1406.3413245763538,14.348826036230578,0,,
1,2025-11-23T05:28:17.180122,0.0074913975012296085,0.04765887001373458,-0.017262098249924633,61.3049888022051,1.2924657449740649,1419.8713678264046,14.125310975636665,0,,
1,2025-11-23T05:28:18.180122,0.05444292329663877,0.06676558759040914,0.06951730050495103,60.95909875858486,1.2801637005831763,1409.7074415372306,13.747162042077331,0,,
1,2025-11-23T05:28:19.180122,-0.08188071918359341,0.06505602112751546,-0.05006525765710652,61.30983453160738,1.2615042104348873,1407.9223882146846,13.800444830366029,0,,
1,2025-11-23T05:28:20.180122,-0.04679344571710045,0.03677052307277031,0.11902422302108662,61.11531841253145,1.2774351025297606,1430.5113078519068,14.210490112271621,0,,
1,2025-11-23T05:28:21.180122,-0.01580470139210517,-0.0639778441929278,0.0366325006701875,61.333566414132314,1.3021720803340353,1404.2836051031925,13.84268885025017,0,,
1,2025-11-23T05:28:22.180122,-0.015396769464254974,-0.010841563226812,0.05288172852097709,61.459908547542966,1.2808193042898286,1412.0698933427932,13.814063039420919,0,,
1,2025-11-23T05:28:23.180122,0.044456115893717014,-0.008812303326852417,-0.055898092532176515,61.22287302744687,1.287336797582285,1422.1653310139905,14.567382993885952,0,,
1,2025-11-23T05:28:24.180122,0.0645383980918462,0.01820543092339223,-0.02589671620819146,61.40869192655301,1.286508594394743,1406.740591056077,14.074095811326677,0,,
1,2025-11-23T05:28:25.180122,0.02001487434127582,0.04317660503198905,-0.04524409400538354,60.95820748145197,1.2940227693425632,1403.2798041766382,14.424545884544878,0,,
1,2025-11-23T05:28:26.180122,-0.05541758334608693,-0.029504530024964972,-0.09091262283890253,61.70076466628195,1.2849433389062326,1412.0334315301432,13.659396536876287,0,,
1,2025-11-23T05:28:27.180122,-0.012725560550542712,0.04068381973172577,0.004406552864402263,61.28814750941581,1.3020036593232929,1399.2888864080498,14.486234438635549,0,,
1,2025-11-23T05:28:28.180122,0.07884450890590274,-0.07033497924696584,0.012647296295568853,61.033347993157115,1.269606046864901,1404.3218711902205,14.182151991383112,0,,
1,2025-11-23T05:28:29.180122,0.03693259180404605,-0.019331289045769615,-0.04422888516523125,61.203472912860995,1.2841762388798026,1406.5010746415767,12.71534281454307,0,,
1,2025-11-23T05:28:30.180122,-0.012856248462657566,-0.006848914804753356,0.10812312060558128,61.42694492792213,1.2905554456602575,1413.5233910647944,14.083647674273136,0,,
1,2025-11-23T05:28:31.180122,-0.03611440275415218,-0.10517791713009636,-0.037568742087671095,61.24630601145293,1.293714269930083,1405.5970554776698,13.456593687480883,0,,
1,2025-11-23T05:28:32.180122,-0.01438518548195298,0.0015030027922087424,0.02736309017497016,61.24317110486566,1.2975326752639365,1402.763244045401,14.32423082368176,0,,
1,2025-11-23T05:28:33.180122,-0.004037397873298925,-0.06935847066701076,-0.013833318169336526,61.31349917460544,1.283120960889337,1420.0132614862741,13.751401578158301,0,,
1,2025-11-23T05:28:34.180122,0.02159944904541086,-0.05089313645370984,0.014387358617251128,61.43832485554495,1.2899573256761077,1410.8485987346528,13.632986188035805,0,,
1,2025-11-23T05:28:35.180122,0.01558019917611469,0.0005017185125107209,0.023940230446811147,61.28187356013565,1.2822402937167787,1399.6590863592505,13.694549205099662,0,,
1,2025-11-23T05:28:36.180122,0.022010339812718997,0.11213317356523189,0.04244107243261737,61.17178244039286,1.2752636088580482,1417.938064894884,13.92849308724585,0,,
1,2025-11-23T05:28:37.180122,-0.06158322453549593,0.04378444650784465,-0.0005387820927576278,61.21286756780722,1.2767602362354336,1422.4843435199364,13.954923037718412,0,,
1,2025-11-23T05:28:38.180122,-0.013301053209058493,-0.048946532536031845,-0.019190492309522002,61.54380473070344,1.3018548574761724,1432.891479182248,14.453663872682608,0,,
1,2025-11-23T05:28:39.180122,0.016638126155046385,0.04421794994333904,0.007444309440755349,61.00739900941103,1.291110534107082,1416.2064841949964,13.456246111323592,0,,
1,2025-11-23T05:28:40.180122,-0.02650697041407627,-0.06296035076968498,0.08387720320152657,61.03420233287093,1.2872214688825443,1404.0032713264663,14.410021699785336,0,,
1,2025-11-23T05:28:41.180122,0.05582579951051604,-0.028255969182293745,0.028256086724944913,61.12026249651122,1.298118002076798,1439.0301229157192,14.397427618455877,0,,
1,2025-11-23T05:28:42.180122,-0.002543333631571272,-0.06672061419167427,-0.015400136578513988,61.0356516499818,1.2766802043136276,1418.9877823914849,14.217607100513506,0,,
1,2025-11-23T05:28:43.180122,0.009696421261483243,0.049675279723286385,-0.08387826911510322,61.580360701563166,1.2881073920828607,1416.7360234899913,14.155186520927828,0,,
1,2025-11-23T05:28:44.180122,0.05371807062034417,0.09980553887961117,0.017272468502025858,61.22587405862371,1.2882150050450765,1415.573156483245,13.505262314759017,0,,
1,2025-11-23T05:28:45.180122,-0.0679227022566994,-0.010142036876806279,0.03355733815319858,61.240938043567624,1.2891344856016436,1414.409540770504,13.30741757355214,0,,
1,2025-11-23T05:28:46.180122,-0.07591863132994212,0.07294854855683812,0.012143714550333213,61.69947866947311,1.2852067298729404,1423.3623044436092,13.841041599085294,0,,
1,2025-11-23T05:28:47.180122,0.13398221174230773,-0.010771207558001471,-0.022222738571013218,61.388698870669046,1.3020921137225012,1408.4017769538552,14.385343476134407,0,,
1,2025-11-23T05:28:48.180122,0.03450904617857483,0.044284575147389454,0.020020942381234995,61.16250384066265,1.2934125232022673,1418.923054169829,13.459940860127789,0,,
1,2025-11-23T05:28:49.180122,0.084902225457202,0.0016247359097953983,-0.03970889818227232,61.51244765983504,1.3003886371385427,1424.9649245915468,14.035363132357196,0,,
1,2025-11-23T05:28:50.180122,0.08841487158591689,-0.019174259156363466,-0.10920887821323517,61.00219372634674,1.2843887751062357,1418.8920692759025,14.834042036033058,0,,
1,2025-11-23T05:28:51.180122,-0.009751895457337309,-0.06671792895600714,0.034146068530182996,61.39667503315867,1.2970142397308804,1417.0726098638997,13.932674646682983,0,,
1,2025-11-23T05:28:52.180122,-0.057510883557359636,0.03428088731584682,-0.025238418706667386,61.116496902439195,1.2985217722870173,1428.6731762612894,14.910654366638271,0,,
1,2025-11-23T05:28:53.180122,0.07000684171790653,-0.02475012112938777,-0.05135845378158325,61.37572322335157,1.299284705362339,1414.3834515052126,13.364267498307388,0,,
1,2025-11-23T05:28:54.180122,-0.044310956259667085,-0.05379461369398234,0.038635186990758213,61.51989854128111,1.2940587701903505,1418.8192645492134,14.2502395530729,0,,
1,2025-11-23T05:28:55.180122,-0.036996593491909424,0.0004938034481767534,0.04067168369305655,61.105002141928786,1.313288703249171,1410.9314237181752,13.959153340793698,0,,
1,2025-11-23T05:28:56.180122,-0.012217455499866057,-0.07408857735418055,0.01695187400131327,61.30706917971063,1.2966262440030047,1410.793704572128,14.138124155119842,0,,
2,2025-11-23T05:26:48.180122,0.08943142367151594,0.021825492525599472,0.004824873403600431,65.74927064464839,1.2039452733142824,1898.7854997328159,9.842741147207061,0,,
2,2025-11-23T05:26:49.180122,-0.03135003384119907,-0.0021909084488017537,-0.023860901517978806,65.85969623464875,1.2161932843397152,1911.146269947581,10.738898419774767,0,,
2,2025-11-23T05:26:50.180122,0.002501682108829604,-0.020233870730055226,-0.027267997380983865,65.8136737222047,1.217796162017651,1891.322413224391,9.291588624438205,0,,
2,2025-11-23T05:26:51.180122,-0.010282494971134341,0.07430741775371451,0.011835813361334607,65.91871215733599,1.2014630364841632,1908.5855391871341,9.80385520635483,0,,
2,2025-11-23T05:26:52.180122,-0.03844181751598832,-0.01150153611391832,0.03725281332025386,66.51919134194655,1.1967648209215156,1896.068920413622,9.482228840660003,0,,
2,2025-11-23T05:26:53.180122,-0.12095415865897984,-0.04618960108479254,-0.05119378804216153,66.34926477711278,1.2084901829551669,1886.1002350671533,10.207449614083378,0,,
2,2025-11-23T05:26:54.180122,-0.017813537972351814,-0.08715705184770295,-0.029832482084231983,66.00725030938364,1.20166157788865,1902.630227679116,8.759983004159988,0,,
2,2025-11-23T05:26:55.180122,-0.013388093242336908,0.05065917209425963,0.042639892047683065,66.34710668530829,1.222170854808266,1917.2085208454312,9.32496154574811,0,,
2,2025-11-23T05:26:56.180122,0.04229167035280548,-0.09304447644714842,-0.03014425520039028,65.74307477664013,1.222018167202906,1915.6704677199307,9.785404548369167,0,,
2,2025-11-23T05:26:57.180122,0.08873225157022359,-0.03373637551560604,0.0075308432682168,66.15705832587378,1.201435470549851,1906.7125556383066,10.85360111814854,0,,
2,2025-11-23T05:26:58.180122,-0.05124654373049701,0.0449669222920345,-0.007725342595003642,66.48089464598003,1.2174348913383564,1909.0952535241363,10.205693528246151,0,,
2,2025-11-23T05:26:59.180122,0.012454335336179494,-0.0697881751321161,0.06958314538720128,65.85333538281088,1.2154790271609721,1908.4738604030467,9.465155751597145,0,,
2,2025-11-23T05:27:00.180122,0.007253160705147255,0.0583941143150221,-0.0012052235036055458,65.9502377017507,1.1844072488807862,1892.6146844997797,9.588572518705353,0,,
2,2025-11-23T05:27:01.180122,-0.02582086838947237,-0.04799980901140668,0.01886476170561103,66.01352750122275,1.2129142982748344,1909.123805523761,9.45639330361835,0,,
2,2025-11-23T05:27:02.180122,-0.015010303726045731,0.10790746710271575,0.043714286130477197,65.87026185893694,1.2136268783853286,1907.9779447084518,10.50084741017487,0,,
2,2025-11-23T05:27:03.180122,0.007449319733846904,-0.02652910721785484,-0.03652633218472028,66.25848158231807,1.2179399290234167,1897.1666102775243,9.789576054730436,0,,
2,2025-11-23T05:27:04.180122,-0.020809900756614656,0.036232882911887025,-0.034498033865752016,66.22725208037501,1.2236776240992935,1907.1955827865888,9.466991962612399,0,,
2,2025-11-23T05:27:05.180122,0.06724962283110003,-0.0339106339671289,0.021321753721940086,65.97980222660179,1.198041119633454,1904.590592187964,10.027629470295704,0,,
2,2025-11-23T05:27:06.180122,-0.0038720480281432784,0.013803424862101414,-0.032420544415392716,65.98347621782953,1.2140865248778674,1921.4258576181714,10.291519158573955,0,,
2,2025-11-23T05:27:07.180122,-0.025999587704929102,0.027935660242246082,-0.0239182330222341,66.04001702789363,1.2246097602809556,1897.0804430739495,9.046294570855993,0,,
2,2025-11-23T05:27:08.180122,-0.04532473502890178,0.00442076031008786,0.006400391055726508,66.380292488953,1.2090694625272036,1909.6477468837068,10.097095262873184,0,,
2,2025-11-23T05:27:09.180122,-0.007450688610865071,0.041792195109018285,0.02460594514561661,65.96000748793391,1.2271218262485404,1890.1240703265444,9.913919604493456,0,,
2,2025-11-23T05:27:10.180122,0.00012220809923733155,0.021231786042828136,-0.036271674020003794,66.12598050821087,1.215135827576554,1912.3039731964423,9.486154541336596,0,,
2,2025-11-23T05:27:11.180122,0.0036372764574426905,-0.01306202423365299,-0.06490233188355725,66.66869167885203,1.2159281120809655,1887.466508816298,10.588425367372771,0,,
2,2025-11-23T05:27:12.180122,-0.05352927495768344,0.01854349860139301,0.04314160474805024,66.00428278076608,1.2123905220698532,1896.9303868876002,9.819431383072764,0,,
2,2025-11-23T05:27:13.180122,-0.08112305852367363,-0.061781831205526876,-0.007039322109324224,66.34225960879219,1.2230365971137171,1919.6272638176088,10.231138023983004,0,,
2,2025-11-23T05:27:14.180122,-0.025556449627743037,-0.0061421702807436486,-0.10151967768901289,65.94281416327851,1.2064958298356692,1905.0390237752124,10.208026786653221,0,,
2,2025-11-23T05:27:15.180122,-0.028018670944439876,-0.02942508098413106,-0.07732779114065684,66.10991677374412,1.2191219826240394,1906.7908991120373,9.49275736622456,0,,
2,2025-11-23T05:27:16.180122,0.09942448399039117,0.05975291679830342,-0.004761879935128849,66.0305316294545,1.2133261809157914,1903.8443932420357,9.874798030169812,0,,
2,2025-11-23T05:27:17.180122,0.024176439370144513,0.038448257884453024,0.06831214217783307,66.3659221439438,1.2153026953966932,1906.2155936683548,9.69054829735931,0,,
2,2025-11-23T05:27:18.180122,-0.02936101561682088,0.09554134256761906,-0.022992307511012493,66.53511674778574,1.2127393665725525,1904.8613404377213,10.428816662041442,0,,
2,2025-11-23T05:27:19.180122,0.0011961010903656754,0.019656264062800338,-0.01206923999059057,66.04236421375865,1.2143591499669946,1895.8359153180356,10.699803364927588,0,,
2,2025-11-23T05:27:20.180122,-0.008384930138537711,0.08613345989216403,-0.13425543389009872,66.14165334426423,1.2213869425883073,1899.3948771471296,10.431438427547668,0,,
2,2025-11-23T05:27:21.180122,0.031984617759782154,-0.013730006016333993,0.021750462908475075,66.70084486032246,1.2180021734066973,1905.3281128375754,9.66411623233431,0,,
2,2025-11-23T05:27:22.180122,0.0066748520511165825,-0.06446305969072919,-0.00991451283327556,66.63048671057946,1.2258345901018095,1908.7472960814462,10.43607272025079,0,,
2,2025-11-23T05:27:23.180122,0.09408774955519147,0.02967940573954248,0.10354392628868225,66.35342885701269,1.2164745203833585,1919.5278550783921,8.704504518941903,0,,
2,2025-11-23T05:27:24.180122,-0.02856744809673141,0.013289352337318767,-0.04560454565683154,66.10875750475539,1.2080363788034079,1895.7889374096492,11.240075055213294,0,,
2,2025-11-23T05:27:25.180122,0.03137369445321725,-0.0026973924597066203,0.06575836121361206,66.09300169021508,1.2228622383653485,1905.8412479351312,10.697398690427649,0,,
2,2025-11-23T05:27:26.180122,-0.07099356531651099,0.03828605360093941,0.006112487268105701,65.90949251018844,1.2242188282145399,1893.6093329122116,10.693731130246784,0,,
2,2025-11-23T05:27:27.180122,0.025654650419864446,0.034774199153960024,0.004022869412219642,66.32237488267303,1.194436883512065,1903.080367465005,9.569986484546241,0,,
2,2025-11-23T05:27:28.180122,0.014133015368456424,-0.0023578453326824626,0.030828894165627216,65.97444289596886,1.2309885267342244,1925.4916754980104,9.779970178906916,0,,
2,2025-11-23T05:27:29.180122,-0.0007486592909513293,0.014377882518225003,0.06320428751873132,66.52184937648201,1.2000193953811311,1896.1820038813607,9.353033826234377,0,,
2,2025-11-23T05:27:30.180122,-0.05563905752212143,-0.08196481236600989,0.01814017431071032,65.91116189231705,1.2265693116074985,1911.4162766889106,9.369257125291654,0,,
2,2025-11-23T05:27:31.180122,-0.05151043088566693,-0.030619220884467172,0.06999827480093158,65.9735477133787,1.1960414515771867,1901.8388506729525,10.070806859948972,0,,
2,2025-11-23T05:27:32.180122,-0.03286287425458938,0.08097154033170582,0.012022839020573026,66.23457674267627,1.2018450736564403,1901.9357911395548,9.80585248083425,0,,
2,2025-11-23T05:27:33.180122,-0.11361220573119109,0.01438286143514571,-0.08974035176628768,66.13871205619886,1.1950698970149936,1922.5295959464593,10.04724302442262,0,,
2,2025-11-23T05:27:34.180122,0.04306788069393062,0.045950406552158145,-0.06622443486490937,65.68861072232917,1.2059102726826314,1911.3045869973694,9.929629143736959,0,,
2,2025-11-23T05:27:35.180122,0.03927161235343739,0.046831628650338374,-0.07461985505121298,66.20300593006498,1.228257714764437,1896.6277665744763,8.869575825079249,0,,
2,2025-11-23T05:27:36.180122,-0.011595227659996812,-0.023233436057685016,0.020919051130757396,65.96748791838861,1.2088796554053558,1880.1589134151393,10.311093573776485,0,,
2,2025-11-23T05:27:37.180122,0.0793433271530877,0.06489388069261498,-0.07576078292156066,66.21030842049642,1.1775073584858997,1905.1649487433108,9.851931802003682,0,,
2,2025-11-23T05:27:38.180122,-0.04978971222326131,0.017189725924473476,0.006900732750215769,66.33486975616039,1.207992240581822,1904.68335965415,8.91157575686142,0,,
2,2025-11-23T05:27:39.180122,-0.057986147550000665,-0.023794969345591895,0.014842226538327938,66.14620942952982,1.2211001537131436,1893.6314976251292,9.764295851215556,0,,
2,2025-11-23T05:27:40.180122,0.012754034738944387,-0.011574870481518673,0.02477901975864854,66.03385662052031,1.2196692460553764,1899.137188116177,10.442084480239204,0,,
2,2025-11-23T05:27:41.180122,-0.001515168360360206,0.07457611731614176,-0.06990580054207539,66.25182869614196,1.2005195784320701,1904.6470971357207,10.480514470725728,0,,
2,2025-11-23T05:27:42.180122,-0.056954839941035965,-0.06610148673666802,-0.049918343931195236,66.19984670018171,1.1853638872141696,1903.2990268692702,9.240997224134604,0,,
2,2025-11-23T05:27:43.180122,-0.05718609131742972,-0.018458887259557025,0.019029879228793987,66.02418628462412,1.1987085464642524,1901.9146472436976,9.74774411988023,0,,
2,2025-11-23T05:27:44.180122,-0.13382606825229856,-0.021505030354371384,0.004248202890849222,66.36952508282943,1.2235012375762273,1909.0029680214227,9.923657984303821,0,,
2,2025-11-23T05:27:45.180122,-0.04823817336539591,0.004452668539708854,0.03894484511380175,66.40339816762514,1.1936562490832616,1904.6971454818154,10.291914120942984,0,,
2,2025-11-23T05:27:46.180122,0.09304058345826305,0.012779524286499698,-0.027075185804610758,66.01304925390316,1.1983272113111247,1895.8138874862063,10.297379812050115,0,,
2,2025-11-23T05:27:47.180122,0.05346528612634311,0.03624284111424419,0.0596093121532571,66.06071547766166,1.205164237976446,1898.4864577692006,9.905941232074836,0,,
2,2025-11-23T05:27:48.180122,0.06124928712263799,-0.0014867655913817438,-0.09324028988294826,66.10140598779792,1.1937128048596286,1887.2439183275815,9.488929043355594,0,,
2,2025-11-23T05:27:49.180122,0.04803124016453197,0.08404553244479786,-0.024450302088539162,66.35297635267395,1.2121271364566637,1890.7351668467923,9.864430535574703,0,,
2,2025-11-23T05:27:50.180122,-0.0022230085438411564,0.008619283941365111,-0.07968754051933902,66.08314073749618,1.2104518963507622,1914.9551215172405,10.79979292845758,0,,
2,2025-11-23T05:27:51.180122,-0.016875452276592193,0.09347537781456237,0.033295255584273556,65.88162895177645,1.2070455618857507,1898.810289182997,10.1436500200096,0,,
2,2025-11-23T05:27:52.180122,-0.005126197127766653,0.06041193204304073,0.012828007970755497,66.09746818170103,1.208663680596053,1904.8953072897334,9.677633687556956,0,,
2,2025-11-23T05:27:53.180122,0.06386371810266386,-0.020417262122945232,-0.03185674315330454,66.04655426291482,1.1839742645146918,1896.8010178307288,10.81455073396722,0,,
2,2025-11-23T05:27:54.180122,-0.04541419676278921,0.00042094518661364944,-0.05540916747715681,66.03269855496613,1.2134627976739027,1911.2966468844504,9.578986712827257,0,,
2,2025-11-23T05:27:55.180122,0.0003110058037879486,-0.041300198095096295,-0.03921026761313951,65.97250474571358,1.1889846907699853,1905.5925822566876,10.18250847132449,0,,
2,2025-11-23T05:27:56.180122,0.02441212463177346,-0.008471842843455823,-0.06790226001810928,66.14254709099346,1.188427947396388,1911.1461008507006,10.162333360258069,0,,
2,2025-11-23T05:27:57.180122,0.03734457653478857,-0.017418415824389563,-0.09055095867670207,66.34804846403838,1.2096846038299767,1887.4999234410466,9.953069910064189,0,,
2,2025-11-23T05:27:58.180122,0.059662628957722355,-0.053786177480709095,0.08838413879325033,66.08716269401714,1.1864546890729546,1916.0496699348028,10.03137795620339,0,,
2,2025-11-23T05:27:59.180122,-0.032656908079401734,0.04398939764447503,-0.09778835641874446,66.52053046068664,1.1888708231246357,1905.1929322562023,9.684803802820564,0,,
2,2025-11-23T05:28:00.180122,0.02181160573734454,0.04439628614085225,-0.041194305249027646,66.31524176889799,1.1939559503552477,1895.454494427165,9.772090084345226,0,,
2,2025-11-23T05:28:01.180122,-0.05023043026963982,-0.03978337865690956,0.04745669199255299,66.12830457684596,1.2082133393053869,1906.65065946879,9.371127739772051,0,,
2,2025-11-23T05:28:02.180122,-0.09489357138171003,-0.03436209090479634,0.013206324468554272,66.16073176930394,1.188437931849014,1912.4612125280703,9.011250135796047,0,,
2,2025-11-23T05:28:03.180122,-0.0629323293598529,0.006364755116879687,0.10968815763462053,66.24225601096448,1.1866667587429525,1908.2596609254463,10.22581017507624,0,,
2,2025-11-23T05:28:04.180122,0.04689284637635172,-0.020493226694359528,-0.03998632196411801,66.18361264119147,1.2008916368459912,1918.315442004286,10.928936325379333,0,,
2,2025-11-23T05:28:05.180122,-0.036653496689193,-0.02614858135051787,-0.003178654029792554,66.11051476400239,1.2016559100979838,1907.1904615764524,10.013060379860933,0,,
2,2025-11-23T05:28:06.180122,0.06720356455101774,-0.007925546221621636,-0.05254039695810107,65.84884893990582,1.1866148840856225,1891.890510313868,8.94239997257327,0,,
2,2025-11-23T05:28:07.180122,0.03315938849178144,0.009263391763144372,-0.021139636372439333,65.98349138951181,1.1812238699650144,1893.1358935577753,10.808066416257544,0,,
2,2025-11-23T05:28:08.180122,-0.11053958197966972,0.007090525869125036,0.037181848537195326,66.18919563126482,1.1940405409683374,1910.013828958997,9.332447758008215,0,,
2,2025-11-23T05:28:09.180122,0.027777249767960005,0.07153486858532883,-0.05206871932534583,65.9985025040357,1.1987807942328697,1912.2288174836212,10.553686036324601,0,,
2,2025-11-23T05:28:10.180122,0.034031347675754886,-0.03347513869374617,-0.055720635603687646,66.21156490052941,1.2016534610839333,1891.32756641356,9.914007130635113,0,,
2,2025-11-23T05:28:11.180122,0.016611873267044885,0.05225319966136067,-0.049528135180614045,66.27486209097303,1.1862633305671073,1898.0672297313304,9.844973513669956,0,,
2,2025-11-23T05:28:12.180122,0.07589581289452818,0.16571521196057992,0.012677283764921833,66.26302748458714,1.2083512922315085,1888.7165272940522,10.266943588813678,0,,
2,2025-11-23T05:28:13.180122,-0.06208699301947275,0.0814555986647196,0.0721745882462858,66.26477712197598,1.190562000253822,1919.0133422343317,10.01395607529911,0,,
2,2025-11-23T05:28:14.180122,0.005512177120514562,0.028977167334225718,-0.08561732855461766,66.25066906982448,1.2089751044407475,1905.7230993417581,9.956741260687958,0,,
2,2025-11-23T05:28:15.180122,-0.04768290580669919,0.03217774144951907,0.010023447353293446,66.16728194264495,1.1937974198773702,1910.8948006259898,10.507704072793523,0,,
2,2025-11-23T05:28:16.180122,0.019407308708902192,0.044837453619836126,0.06630116486677588,66.4836014143704,1.202130185784661,1900.1998093158527,9.676638953701643,0,,
2,2025-11-23T05:28:17.180122,0.0006873506168080578,0.027598320410711034,0.04690909675601696,66.08112078112231,1.2018434910075504,1892.3672893544224,10.516093891501315,0,,
2,2025-11-23T05:28:18.180122,-0.019573052639191544,0.01789605639777938,-0.035968503126808986,66.10731397718764,1.1939813417752385,1919.382755101745,10.063793758905332,0,,
2,2025-11-23T05:28:19.180122,-0.008322233253326063,-0.047382115791114975,-0.03051498574513608,66.28121019779961,1.2180201375697555,1888.0242012212086,9.425588608447635,0,,
2,2025-11-23T05:28:20.180122,-0.008789408105161042,-0.03141336756418913,-0.08295910343675011,66.17183113525438,1.209412044108751,1886.561975929719,9.98959177628559,0,,
2,2025-11-23T05:28:21.180122,0.04823364542740378,0.04901636637812626,-0.02099353467624767,66.62941899450794,1.208012496471675,1894.2224273430083,10.376261357896075,0,,
2,2025-11-23T05:28:22.180122,-0.056129398436783405,0.044763472672717984,-0.06310271720712028,66.3270777000081,1.1972022921363668,1913.655970152175,10.254450595217435,0,,
2,2025-11-23T05:28:23.180122,0.022360395966182573,0.0029316216977031987,0.054350812854447005,65.80880080273673,1.2079545287688602,1906.4674165386807,10.165186834184922,0,,
2,2025-11-23T05:28:24.180122,0.04131144110306954,0.1851229118795131,0.005839133407321749,66.33086909216547,1.205755941436715,1918.059770204962,8.873706647014288,0,,
2,2025-11-23T05:28:25.180122,0.08489737645834015,-0.03419032083642269,-0.1131120646443048,65.95483206985115,1.2031001488165456,1904.2755420106087,9.861166206963544,0,,
2,2025-11-23T05:28:26.180122,0.040840886196265545,-0.0017588493178658103,-0.0031598800622795725,65.74226607993374,1.2103392636735173,1912.435506536636,9.67377547321563,0,,
2,2025-11-23T05:28:27.180122,-0.09385421496145539,-0.06682527452931848,0.08367808191507169,66.05022773626958,1.1994454113086215,1894.138578604767,10.224553946611243,0,,
2,2025-11-23T05:28:28.180122,-0.029392177649688368,-0.0434515957965549,-0.07531813924627134,66.15040938903915,1.2167286320591109,1900.8537606956022,10.32522172906784,0,,
2,2025-11-23T05:28:29.180122,0.008771319371805945,0.007391843726356744,0.00894864546614268,66.17935746833804,1.217609110718969,1907.2116185460384,9.595056548287147,0,,
2,2025-11-23T05:28:30.180122,0.006431002333581012,-0.0037982317350801573,0.024246598973124603,66.20903251550429,1.2121182670597446,1887.5598710798251,10.07390746982563,0,,
2,2025-11-23T05:28:31.180122,0.06568060292357285,-0.06750969721785298,0.08004662705407743,66.23288372908375,1.2065154834645802,1884.2882080337276,10.427910397996179,0,,
2,2025-11-23T05:28:32.180122,-0.048477476900534555,-0.025559538610583462,0.027295213337062373,65.96885321207695,1.1993377202168416,1890.8202862863282,9.828431796128159,0,,
2,2025-11-23T05:28:33.180122,0.029426821031415893,0.020150303114528693,0.020370140325692034,66.10563313688338,1.2112140194553112,1895.432682039195,10.882949544585564,0,,
2,2025-11-23T05:28:34.180122,0.009736357723470994,-0.0977492682849385,-0.053465389823049665,66.49522974761611,1.1967355279900165,1897.9561416172958,10.085924745564956,0,,
2,2025-11-23T05:28:35.180122,-0.05483118411832483,0.05333023485763618,0.08395417397640846,66.01052135052558,1.222269904813655,1893.4208594114227,9.385136933262297,0,,
2,2025-11-23T05:28:36.180122,0.012284254423305805,0.01189656719401676,-0.029801770067933928,66.34437403380872,1.196844875619809,1893.7764301184918,9.345177193460767,0,,
2,2025-11-23T05:28:37.180122,0.0379181833988526,0.04019511022567537,0.033347022286552445,65.91734909110062,1.213405104612329,1906.9096246625893,9.075621898675786,0,,
2,2025-11-23T05:28:38.180122,-0.04108465515348625,0.03229311712767445,0.035182708004234564,66.22801614443202,1.2180177646114865,1905.5740500892396,9.959071246622466,0,,
2,2025-11-23T05:28:39.180122,-0.005462842970580126,-0.04357161146086592,-0.012277416023976842,66.09688619639225,1.2362711423131982,1904.9354967796246,9.878764321777332,0,,
2,2025-11-23T05:28:40.180122,-0.01159887497985012,-0.005760253521181059,-0.01361334561104892,66.28691018702693,1.2132701781464086,1910.4438865314332,9.536523841213292,0,,
2,2025-11-23T05:28:41.180122,0.01751172941444941,0.0438578102031904,-0.057712949303643034,66.2120231850441,1.2164795160958615,1898.9856168088663,9.640531399728301,0,,
2,2025-11-23T05:28:42.180122,-0.09274550534685566,0.05744106313134423,-0.04664618933201307,65.93089507780445,1.2210034224849007,1884.0103426319743,10.365747450554727,0,,
2,2025-11-23T05:28:43.180122,0.021710956255196343,0.029904480839437905,-0.008200041877790467,65.93599987057495,1.195921695489894,1916.9012097583704,9.648141414517601,0,,
2,2025-11-23T05:28:44.180122,-0.025834057513765926,0.07910813780118649,-0.03157012370858386,66.13237724832413,1.2127924502018692,1900.958492080043,9.364390955374791,0,,
2,2025-11-23T05:28:45.180122,-0.028010685306123728,0.06427445231301264,0.03805465670551383,65.58504412286432,1.1958969057464197,1905.669457258126,9.827634743839242,0,,
2,2025-11-23T05:28:46.180122,-0.018726321811570707,0.0521369650358256,-0.08921296628257494,66.42088759482749,1.2170833351004133,1907.8171501979848,10.010796837442978,0,,
2,2025-11-23T05:28:47.180122,0.04230703432125903,-0.012516589608919226,-0.027112901592917727,66.33778345220695,1.2177679480552108,1889.7902046385852,10.558918975341465,0,,
2,2025-11-23T05:28:48.180122,0.06053822514500549,0.0720718939605472,0.0039848495582696705,66.25207573350305,1.2124142966877443,1892.6047964055454,9.916847916553328,0,,
2,2025-11-23T05:28:49.180122,0.008825425014859927,-0.03313807082822545,0.09148474046547922,65.85928623335394,1.2082515399109663,1895.6193773911516,10.52971458553326,0,,
2,2025-11-23T05:28:50.180122,-0.012829524224584842,-0.016246914244372187,-0.044274563980468654,66.03007012334457,1.2034958291380013,1912.4884616480226,10.188557168143312,0,,
2,2025-11-23T05:28:51.180122,0.04950169958531034,-0.03311799206376258,0.12559584389578643,65.98720676595148,1.1961021656309965,1899.4119909763717,9.95267157469549,0,,
2,2025-11-23T05:28:52.180122,0.03781703199086149,-0.05087153474407812,0.02954276122172793,66.52553966405092,1.2081801749437155,1894.9314255721222,9.032681698352983,0,,
2,2025-11-23T05:28:53.180122,0.012047049730177449,0.04287068837520027,0.03834703285678652,66.35119381841179,1.2308806247571988,1903.6075142800678,10.36049787559686,0,,
2,2025-11-23T05:28:54.180122,-0.04758086071023003,-0.0395453264308606,0.01204330906599832,66.02136484561395,1.222416454755312,1916.0836034978233,10.085880020567004,0,,
2,2025-11-23T05:28:55.180122,-0.036871577501685036,-0.03742379276384684,0.06826832544685482,66.02584202148203,1.2175334754820621,1899.7441409687888,9.91062259636136,0,,
2,2025-11-23T05:28:56.180122,0.054818469486901306,-0.0269396555264438,-0.07051964263923134,66.4763164155991,1.2187721693804994,1909.5903808470707,9.874422846129516,0,,
3,2025-11-23T05:26:48.180122,0.002528085357146978,0.02499756666189145,-0.04979544655534326,63.5362834688617,1.4342262162406245,1652.3124410460082,14.456041736405101,0,,
3,2025-11-23T05:26:49.180122,0.029928758698363513,0.016612501630493957,-0.05737383164727692,63.521797705008815,1.438157267352784,1672.4089373619997,14.946021692652193,0,,
3,2025-11-23T05:26:50.180122,-0.057840813045967845,0.017549857654118053,-0.03034436415487596,63.70795963300658,1.446895979864015,1668.619569069431,14.28839929325676,0,,
3,2025-11-23T05:26:51.180122,0.0027216369432520693,0.007994646753619428,-0.06044740795645483,63.84373581058567,1.4442259967338948,1685.081790549511,14.22348904303914,0,,
3,2025-11-23T05:26:52.180122,0.08178737709005504,-0.06804827959184173,-0.03256129166650172,63.508054028884104,1.441376192784449,1644.577477067014,14.227103098056325,0,,
3,2025-11-23T05:26:53.180122,0.04189181769596965,0.10439354341415347,0.04574204789001846,63.344823096350424,1.4494645203718926,1656.7202276786672,15.034855011451135,0,,
3,2025-11-23T05:26:54.180122,-0.06737301475458493,-0.00046800503151933886,-0.00653523192942558,63.56098108992931,1.4390608372964555,1680.1782392952498,14.681522480726857,0,,
3,2025-11-23T05:26:55.180122,0.041826435106503544,0.03933011413765594,-0.09204379333994721,63.408573264505556,1.4430263048707028,1660.3708141515601,14.869600477144617,0,,
3,2025-11-23T05:26:56.180122,-0.07277671635982107,0.027809261147486997,0.0254889427268949,63.46165287579308,1.4679926097964093,1671.6816473626102,14.81363062024136,0,,
3,2025-11-23T05:26:57.180122,-0.036613234988520135,0.014857060513984385,-0.048088840055139685,63.65642749066862,1.4372910540609387,1669.7429087668454,15.77493662813229,0,,
3,2025-11-23T05:26:58.180122,0.05820937803285833,0.012133007928353043,0.06899600485245819,63.39165202611286,1.4522394234567488,1668.3491130162095,14.327176051598794,0,,
3,2025-11-23T05:26:59.180122,0.021513566562833424,0.04673250315227863,-0.017305093611293267,63.18363939049347,1.4395015106469031,1644.3604606572594,14.47605327422047,0,,
3,2025-11-23T05:27:00.180122,-0.053764504515210136,0.10112025332956515,-0.02824376484067996,63.0949779570849,1.4539631202895116,1666.4061081286418,14.80419662331072,0,,
3,2025-11-23T05:27:01.180122,0.009432310161720168,0.01046567442369431,-0.018722245825352937,63.595003486653624,1.4509313943402125,1663.2000281977648,14.694162815156684,0,,
3,2025-11-23T05:27:02.180122,-0.047218429970570165,0.014043233770802169,0.03691235556483833,63.534714413407855,1.4522617701643905,1666.8925274503868,15.569332243502952,0,,
3,2025-11-23T05:27:03.180122,-0.010359083859471947,0.001503354086859174,-0.01680899198180737,63.421316521393436,1.4440941596102392,1688.4800066526939,14.992818476492397,0,,
3,2025-11-23T05:27:04.180122,-0.08414824444300274,-0.021694318961593777,-0.07081137651183804,63.581543566357084,1.4605984430196417,1663.64778430301,15.086661434022353,0,,
3,2025-11-23T05:27:05.180122,-0.01050782814797931,0.02040290828636018,0.08661992525615615,63.33617417567055,1.4348409300160792,1675.3409572866965,15.03817493618977,0,,
3,2025-11-23T05:27:06.180122,0.033690074574929944,0.05132274844359018,-0.03405742145342088,63.01336082298211,1.457866565633504,1664.0717102745052,14.176194889550146,0,,
3,2025-11-23T05:27:07.180122,-0.058414514105018106,0.05641866657689603,0.009041665664610695,63.46764417413556,1.456210865009106,1661.3892039459029,14.217337824612438,0,,
3,2025-11-23T05:27:08.180122,-0.04264756400648052,-0.055228730719758576,-0.014554789921374054,63.22936862076484,1.4483061487336382,1663.3497219716237,14.739905375404179,0,,
3,2025-11-23T05:27:09.180122,0.032489516805145995,0.07006384468859438,0.07779689575550032,63.43104820316636,1.4502187659259196,1663.0744111133029,15.282886116119979,0,,
3,2025-11-23T05:27:10.180122,0.0765895431348737,-0.029680090185900603,0.03820528325417716,63.34265045942354,1.4465209539990291,1670.0010609733908,14.57930671117581,0,,
3,2025-11-23T05:27:11.180122,0.044755218860942254,-0.07479261822704217,-0.03476984543789045,63.38518147890858,1.4378821414152185,1671.764593234787,14.022442970366711,0,,
3,2025-11-23T05:27:12.180122,0.0027588785201545355,-0.07201324385134052,-0.007262336851166395,63.51117842721621,1.4704251389124785,1678.9345566994255,15.588515724959043,0,,
3,2025-11-23T05:27:13.180122,0.003398609668711246,0.10578679203841398,-0.012062933694683899,63.359624265705996,1.4355884031583472,1670.3807308623157,15.306695321919227,0,,
3,2025-11-23T05:27:14.180122,-0.031692907175249085,-0.018530109498437915,-0.02317724852849145,63.344273256184394,1.4424856648616344,1654.657816156899,15.470379184884145,0,,
3,2025-11-23T05:27:15.180122,-0.09858765382029981,-0.04635410972973131,0.01718707251213809,63.61337611556848,1.4462443703169923,1665.3257504878734,14.80463339145636,0,,
3,2025-11-23T05:27:16.180122,-0.013065602117320588,0.04383712410716894,-0.02414393430391733,63.21448007499334,1.4435054757928234,1669.120892836419,15.394501817522876,0,,
3,2025-11-23T05:27:17.180122,0.0799938757073392,-0.019970713813686827,-0.07320917807312785,63.1352905112399,1.469348284580336,1664.1295155866455,15.008848228269711,0,,
3,2025-11-23T05:27:18.180122,0.09586424264663798,-0.03400581202811042,-0.00972869966153274,63.29644473288566,1.4369606365706158,1676.1557687647362,15.312745004696255,0,,
3,2025-11-23T05:27:19.180122,-0.09368692187344915,0.04908553313030738,-0.011798355822230329,63.4497890309529,1.4496856863146752,1655.0928266738927,14.62445966216918,0,,
3,2025-11-23T05:27:20.180122,-0.04954566104090816,0.09576257863824776,0.10929240753998917,63.430370445743385,1.4356679417608467,1679.718774025822,14.684894202726696,0,,
3,2025-11-23T05:27:21.180122,0.08727222532059793,0.09843596943285766,0.08364532142637474,63.3350118769728,1.4371915503593267,1661.527713316106,14.731722501240883,0,,
3,2025-11-23T05:27:22.180122,-0.04619036674646749,0.05966842555332134,0.032873207972213735,63.40777071017858,1.4428485808371017,1674.6513581941854,15.469104897389645,0,,
3,2025-11-23T05:27:23.180122,-0.09648976724028543,0.011693679528452456,-0.015023265339788767,63.26621782705543,1.4430868414390725,1669.5033846453878,15.714677879913452,0,,
3,2025-11-23T05:27:24.180122,0.002852858167071432,-0.02148833773735059,-0.06135950739483591,63.57036361894271,1.438595656289256,1667.0207625927678,15.13643851987007,0,,
3,2025-11-23T05:27:25.180122,0.002618530116356137,-0.019311432055056955,-0.008635993136914268,63.59573357088221,1.4455025555069858,1670.5849453752255,14.991319353314378,0,,
3,2025-11-23T05:27:26.180122,-0.016726967719555605,0.016396955658383967,-0.01384045790935118,63.64333243182333,1.450272805035217,1650.8548339934605,14.676218151018587,0,,
3,2025-11-23T05:27:27.180122,0.05545872875217145,-0.01064329517902529,-0.021125871123103077,63.61580052346963,1.4339572095632431,1668.8085623335874,15.074976705222186,0,,
3,2025-11-23T05:27:28.180122,0.04259638129805541,-0.05166750847734199,-0.06231060434288891,63.71647516740411,1.4365028657594832,1667.2593692771193,15.995507120895049,0,,
3,2025-11-23T05:27:29.180122,-0.02326243663484849,-0.11010322892891976,0.13934017962119077,63.62057963468645,1.447355407659259,1695.9295601828762,14.742262242782102,0,,
3,2025-11-23T05:27:30.180122,0.07229664308551326,0.0006229988976671007,-0.013782230858488852,63.54506665982514,1.4520706463564148,1680.981887081948,15.377153249785259,0,,
3,2025-11-23T05:27:31.180122,-0.024936036242898148,-0.004036980677710803,0.09689357015169749,63.54083121106447,1.443642414311744,1681.6325045908993,15.479975519920394,0,,
3,2025-11-23T05:27:32.180122,0.06449893598290185,-0.02730924940605518,-0.01923933194484294,63.56999063941124,1.4540141272315874,1656.207592805669,14.552383362462765,0,,
3,2025-11-23T05:27:33.180122,-0.01148448434353281,0.05036235570557004,-0.05415013215123212,63.961056452912615,1.4423999419671796,1674.359046519861,15.894827621837225,0,,
3,2025-11-23T05:27:34.180122,0.03145860490534811,0.03775707688159453,-0.008595882728325987,63.51562324394732,1.4304012610004901,1667.4627502015526,14.801955454569391,0,,
3,2025-11-23T05:27:35.180122,-0.049148548526196635,0.05067750322117285,0.022979088968431,63.050476856250306,1.448253275924455,1658.9808029492253,15.074939533290934,0,,
3,2025-11-23T05:27:36.180122,-0.039670604627665744,-0.017498826754554924,0.021373621012446567,63.811154475465145,1.4246398892885916,1664.7872619117265,14.613839666733746,0,,
3,2025-11-23T05:27:37.180122,0.05512315433756068,-0.011786250135028549,0.021294160828829366,63.69041578135751,1.4467918153975032,1664.091403563067,14.568366999758316,0,,
3,2025-11-23T05:27:38.180122,-0.012826894065520823,0.00826802253820975,-0.04234043153322677,63.413774700314505,1.4442775574001228,1663.5850342209148,14.546278524078263,0,,
3,2025-11-23T05:27:39.180122,0.014768158322213102,0.04045518287391271,-0.06648112826837073,63.227913616126095,1.4507064975806787,1668.0071917458672,14.233809312093209,0,,
3,2025-11-23T05:27:40.180122,0.0063574349159481605,0.07946428928512331,-0.030528548668889724,63.23283227653166,1.4347172512946411,1684.1291531097115,14.453975006462292,0,,
3,2025-11-23T05:27:41.180122,0.02668264071539625,0.05039943224296107,0.031111091967600202,63.35617788004902,1.443056674042131,1669.846741598371,15.18600416431653,0,,
3,2025-11-23T05:27:42.180122,0.01962803057262727,0.007192158349672518,-0.0865111347578473,63.553646912495424,1.4347873114770464,1647.444046608806,14.75863388804879,0,,
3,2025-11-23T05:27:43.180122,0.014815249144695319,-0.005902432947699371,-0.12183545953166948,63.28044747069851,1.42570292211801,1664.9952155415137,13.633438593641763,0,,
3,2025-11-23T05:27:44.180122,0.014110333125291015,0.0266783646586829,0.028730628385266358,63.414967348394335,1.4337500906421032,1678.2197132124413,15.007056550406476,0,,
3,2025-11-23T05:27:45.180122,-0.020723688362972784,0.015029997494364589,0.03475463109635113,63.66616552698749,1.438868046765784,1660.3940808732877,14.538673476407126,0,,
3,2025-11-23T05:27:46.180122,0.011269417608992496,0.01558487930483371,0.051051893682278346,63.05379760482811,1.4265546713809032,1656.8078132468136,15.321577760516538,0,,
3,2025-11-23T05:27:47.180122,0.03869953416458469,0.017038143506715363,0.040705043748735466,63.316389196303014,1.438388314532503,1668.8964346612565,14.83296970439649,0,,
3,2025-11-23T05:27:48.180122,-0.0054966618518568966,0.04809266643748554,0.05353131579177726,63.14650687726466,1.4274358171186496,1669.1059206343746,15.070818860478774,0,,
3,2025-11-23T05:27:49.180122,-0.07926504324188928,-0.045286964071846625,-0.014778737311919636,63.777348723092715,1.4235183842992276,1664.3598576851443,14.76894183468419,0,,
3,2025-11-23T05:27:50.180122,-0.004703693329302277,0.008092705577215113,-0.001044689438461883,63.3927265582753,1.4344512245303365,1670.9656884290425,14.971035641933264,0,,
3,2025-11-23T05:27:51.180122,0.02023466893800082,-0.057482442251578975,0.009067856451756269,63.46083789573375,1.4389493007867382,1675.093049578412,15.55373756988521,0,,
3,2025-11-23T05:27:52.180122,-0.039032716275461954,-0.006018626997007236,0.011209862343465174,63.30677480057414,1.428145815993121,1664.6154564228732,14.54942158392418,0,,
3,2025-11-23T05:27:53.180122,0.11347860000562743,-0.0031103046401715524,0.07371426639454812,63.26351907905776,1.4332610416166194,1662.0441857595486,14.956023985023748,0,,
3,2025-11-23T05:27:54.180122,0.0834864492777478,0.09726514844637774,0.04135316749353768,63.525612929042346,1.4302591538035883,1672.2693548120126,15.473498437745622,0,,
3,2025-11-23T05:27:55.180122,-0.07899119743846925,-0.013698604228435569,-0.0466521586293435,63.63628056951286,1.4176773499076016,1676.7456239638311,14.224839871990156,0,,
3,2025-11-23T05:27:56.180122,-0.05169074113705144,0.07576933654072007,0.05197519295165438,63.26037787089281,1.412488170538545,1659.154256862697,15.086630276968718,0,,
3,2025-11-23T05:27:57.180122,4.826376913044203e-05,-0.045039047254815744,0.028091809725374135,63.70946891970148,1.418242105312579,1667.6407161702903,14.396567980175714,0,,
3,2025-11-23T05:27:58.180122,0.055469060129526924,0.006925810542719337,-0.03094927908950512,63.111661069553094,1.436038418000835,1665.602169740182,14.859618877935295,0,,
3,2025-11-23T05:27:59.180122,-0.007803667235465446,0.021243834106752933,-0.08460865683856866,63.27619133018237,1.4322885790087123,1686.316741317566,14.94902158598602,0,,
3,2025-11-23T05:28:00.180122,-0.0024712919359812543,-0.030483411175668173,-0.03199631923817322,63.39469764518865,1.4209859522980033,1669.6175140749115,14.79701837643778,0,,
3,2025-11-23T05:28:01.180122,0.09978299060892058,-0.003356352669859013,0.056048694238399956,63.35570372550886,1.4381932913094657,1692.6064442594554,14.512967965036992,0,,
3,2025-11-23T05:28:02.180122,-0.05552131009964212,0.05455186962823734,0.004776239750245978,63.391256692384836,1.4332605578764306,1671.4632732920884,15.41547295001976,0,,
3,2025-11-23T05:28:03.180122,0.02295596040147745,-0.02595882163077163,-0.052594378780028136,63.102531730693414,1.4181838161762867,1679.5680046462167,14.090046181816371,0,,
3,2025-11-23T05:28:04.180122,0.004864242696403967,0.06295809782118565,0.03124922430945028,63.74708599028072,1.4361575747997284,1684.0906205746624,14.516217817321603,0,,
3,2025-11-23T05:28:05.180122,-0.03894611223473005,0.09890673554892924,0.01919131358305002,63.46215982515743,1.4232812683282292,1684.4351554568814,15.040811267385793,0,,
3,2025-11-23T05:28:06.180122,0.02676837579974714,-0.02997390245138063,0.006201796892061169,63.359917774182264,1.4279861161157243,1671.7340157998985,14.546176958053215,0,,
3,2025-11-23T05:28:07.180122,-0.039837133664639784,0.04089492696864934,-0.04849278348434821,63.72106407207542,1.4442681335942071,1654.7113366959895,15.596063908099504,0,,
3,2025-11-23T05:28:08.180122,-0.03902925414240032,0.06680986743589279,-0.026920704806725797,63.59607871909073,1.4188589311616169,1674.8181078003963,14.837061468795882,0,,
3,2025-11-23T05:28:09.180122,0.08029304093761792,0.039194610024959685,-0.042532816668022014,63.5083420900183,1.4227864180746175,1670.359290151403,15.562208134430351,0,,
3,2025-11-23T05:28:10.180122,0.07989614512537922,0.010236424976420676,-0.03822901251315387,63.46235950663876,1.4504360452502587,1667.2954132870984,14.079346546213996,0,,
3,2025-11-23T05:28:11.180122,-0.06655712984198774,-0.057038658727024585,0.05576426153725861,63.379824641430396,1.4226741407057928,1672.0696192935131,15.27956618835005,0,,
3,2025-11-23T05:28:12.180122,-0.005464969092672923,-0.037819311135235296,0.012489663412520086,63.609489877310466,1.4139318215655081,1654.6246833664547,15.788068415332786,0,,
3,2025-11-23T05:28:13.180122,0.023310013877165518,0.019780386613281794,-0.06734924800814832,63.25184348036151,1.4280708776053723,1680.9334441364624,14.842737391239517,0,,
3,2025-11-23T05:28:14.180122,-0.07878168237874515,0.07808323302641515,0.08035660428690602,63.62059113328042,1.4201057186697732,1662.0577452984014,14.661789823659696,0,,
3,2025-11-23T05:28:15.180122,0.007791765659046666,0.09061435291380743,-0.06564364099990533,63.304992446116664,1.431227883127173,1662.737274091724,14.537379785075698,0,,
3,2025-11-23T05:28:16.180122,-0.0726863672202684,0.0028676407635121366,-0.015473105421918178,63.47880454984604,1.4408359407788747,1665.61012441221,14.722878262729918,0,,
3,2025-11-23T05:28:17.180122,0.013678856716137553,-0.021928666547426007,0.010219108067646258,63.09717899115252,1.4235737100796082,1673.2922437626767,14.881843508792945,0,,
3,2025-11-23T05:28:18.180122,0.04095336677103214,-0.06573733616991477,-0.026223584004588355,63.427535303313036,1.4316089367436216,1665.9893255380307,15.48359538698043,0,,
3,2025-11-23T05:28:19.180122,-0.022760603450158925,-0.015859506792350448,0.025228309771269854,63.53659548335758,1.4343648475563597,1684.5981007137243,15.059556943168445,0,,
3,2025-11-23T05:28:20.180122,-0.011612144278271959,-0.04771129295146035,0.06056657077048694,63.32011032853026,1.4374301907503269,1662.938903564013,15.821734473429164,0,,
3,2025-11-23T05:28:21.180122,0.03590294268060025,-0.08709075301874704,0.01408435584271294,63.170271139175966,1.4285454592528637,1676.0829138035149,14.137591278186097,0,,
3,2025-11-23T05:28:22.180122,0.015942593397970817,-0.004049102769346562,0.036833578309891576,63.25058264461154,1.4407500264785478,1664.4918948810314,15.28309682939147,0,,
3,2025-11-23T05:28:23.180122,0.0015079612092949773,0.03183873536235938,0.0656305803531825,63.65857423142115,1.4348595422361157,1674.970097789141,14.770782013097657,0,,
3,2025-11-23T05:28:24.180122,0.020107908965328603,0.07930222712608068,-0.043482959895532594,63.20696673797042,1.4404418045630871,1662.3456043777023,15.37702683284931,0,,
3,2025-11-23T05:28:25.180122,0.04115284258596059,0.029773356505901665,-0.0021343485999667385,63.34924878400811,1.4275660139486135,1662.4500921613148,14.751888167944427,0,,
3,2025-11-23T05:28:26.180122,-0.04858557919856249,0.04919323110798532,0.030120007483048154,63.18218000655447,1.4102044272905798,1678.7858315073604,14.166041734872948,0,,
3,2025-11-23T05:28:27.180122,-0.14416090349423963,-0.08328458172775627,0.009129293930460977,63.710941375130815,1.4467732753177691,1682.5657156724155,15.654966209069501,0,,
3,2025-11-23T05:28:28.180122,0.09197003965427099,-0.04772704150287446,-0.00977391674020554,63.32332628572559,1.4389478006684182,1664.676572752545,14.91086877135252,0,,
3,2025-11-23T05:28:29.180122,0.09076103772726397,-0.035098012432151736,0.03678360516701296,63.25555595853852,1.4262229241250668,1678.2137885995116,14.71202697113225,0,,
3,2025-11-23T05:28:30.180122,0.0035360162126057814,0.07186580165192756,-0.06593183814675471,63.46383718240633,1.4542190924702068,1657.9490236392032,14.909520898203372,0,,
3,2025-11-23T05:28:31.180122,0.046157552021327174,0.046242514438572545,0.03360659933833098,63.6435167763288,1.445126769080717,1676.0123604575683,14.97334972943921,0,,
3,2025-11-23T05:28:32.180122,-0.0444521117416981,0.005881868795144682,-0.005214553449707947,63.6761298137934,1.4460157644629992,1673.3679899353351,14.877974910250524,0,,
3,2025-11-23T05:28:33.180122,0.033204589215719234,-0.02642631649008087,0.01437117947947915,63.317167222951404,1.4381652008236425,1657.2379461249977,15.887394656701378,0,,
3,2025-11-23T05:28:34.180122,0.030715360923118492,-0.046464090000512576,-0.017683046648165616,63.52084841382826,1.4378256859979328,1675.6387252875284,15.005508741306741,0,,
3,2025-11-23T05:28:35.180122,0.057409882220107025,-0.13939545520593158,0.0380347886523675,63.500251418360506,1.4527381998382587,1662.7155558760976,14.42250760171509,0,,
3,2025-11-23T05:28:36.180122,-0.05551464022105606,0.023926404086967536,0.008644043065449875,63.117123815138164,1.437747097323091,1668.0118953228477,14.193999478758256,0,,
3,2025-11-23T05:28:37.180122,-0.017770047668810074,-0.00471967094948158,-0.02779424981593113,63.131728255760756,1.4552048439786398,1670.6915976123153,14.954817303155872,0,,
3,2025-11-23T05:28:38.180122,-0.028128729337725724,0.0090646323476907,-0.0331907524925094,63.430043221817336,1.4457232937183284,1674.021948573709,14.494144590839756,0,,
3,2025-11-23T05:28:39.180122,-0.03770415790453463,0.06221305775786118,-0.068151796770935,63.49327618230276,1.4438044014156335,1675.0126595057602,14.571030936196335,0,,
3,2025-11-23T05:28:40.180122,-0.05060316179385536,0.006189256649258643,-0.06656030186332411,63.24625515202274,1.4450563107315284,1669.359172793193,14.060328970354451,0,,
3,2025-11-23T05:28:41.180122,0.06266440451140577,-0.0018412054275762436,0.06134520167306128,63.673490618094185,1.4462932455417328,1664.2132316618563,14.08336983376495,0,,
3,2025-11-23T05:28:42.180122,0.049651092381604554,0.07650118461351867,0.008477749677927273,63.46743057052522,1.4372702455673774,1658.2119093009558,14.730287383174533,0,,
3,2025-11-23T05:28:43.180122,0.06048014597119105,-0.013092690597434916,0.04378573747484519,63.53572454363877,1.4455240231797268,1660.0410748779798,14.602544537349686,0,,
3,2025-11-23T05:28:44.180122,-0.05850650625784839,0.042781448029092034,0.025583746885307627,63.266884195511274,1.440346650770081,1655.3726256754646,14.86488809085657,0,,
3,2025-11-23T05:28:45.180122,0.030642495770792633,-0.04300775021274104,-0.02050613670106433,63.535094655915685,1.4310912805543714,1670.7149931785884,15.566661363765022,0,,
3,2025-11-23T05:28:46.180122,0.08158289242831245,-0.005114364329573405,-0.0008897715379219066,63.61048682642942,1.4543969825526115,1683.0205911139487,14.925447290909611,0,,
3,2025-11-23T05:28:47.180122,0.019107810833614226,0.018911148140467363,0.08606215558155723,63.28523810714868,1.4610799611091752,1671.483817655692,14.975171364236582,0,,
3,2025-11-23T05:28:48.180122,-0.03522283412620955,0.0037762249020864306,-0.03796762293030328,62.97247318971322,1.4514435977640348,1656.181330806758,14.865083689607692,0,,
3,2025-11-23T05:28:49.180122,-0.05807837108115867,-0.012046896582603718,-0.013806040838666357,63.14297216238555,1.4493845486487693,1663.47121919079,13.668135335003265,0,,
3,2025-11-23T05:28:50.180122,0.09492867811055056,0.029910241316458835,0.02354491797618628,63.48897745899713,1.4576772164938172,1664.5659877423536,15.194382879705653,0,,
3,2025-11-23T05:28:51.180122,0.05249309583676135,-0.018461651930337934,0.008314566608318825,63.51317433464243,1.4350834453254628,1672.8750241806388,14.8075388663545,0,,
3,2025-11-23T05:28:52.180122,0.06595086623590382,0.013956557292389106,-0.03708442072625817,63.50711027921574,1.4444090508089908,1646.159909120137,14.723397001902084,0,,
3,2025-11-23T05:28:53.180122,-0.05842055756151192,0.06632705396840859,0.019551599358176554,63.646655819502804,1.4526234122058757,1666.8994964573942,15.153247758370382,0,,
3,2025-11-23T05:28:54.180122,-0.07163616070269112,0.0421981976781618,-0.0031826482501964458,63.08565389930738,1.447419069251114,1674.6378142358617,14.577340820846286,0,,
3,2025-11-23T05:28:55.180122,0.07040858956062558,0.06605304976989344,-0.026389203743843015,63.32460099354079,1.4467945767163175,1664.1660218529312,15.164188697033989,0,,
3,2025-11-23T05:28:56.180122,0.056755983664173296,0.03546167359721729,0.03692599295452795,63.4647132871571,1.447661589084741,1662.1054774276063,15.960075165831377,0,,
